{
  "timm": {
    "backend": "timm",
    "device": "cuda",
    "total_images": 200,
    "top1": 0,
    "top5": 1,
    "top1_acc": 0.0,
    "top5_acc": 0.005,
    "mean_latency_ms_per_image": 5.105413904190064,
    "median_latency_ms_per_image": 3.8893239498138428,
    "images_per_second": 1566.9640405519954,
    "latencies_ms_samples": [
      33.508583068847656,
      4.050960063934326,
      3.94679594039917,
      3.8562119007110596,
      3.849623918533325,
      3.878983974456787,
      4.032288074493408,
      3.8818440437316895,
      3.7713840007781982,
      3.9830400943756104,
      4.021992206573486,
      3.8877201080322266,
      3.798180103302002,
      3.7288920879364014,
      3.9217400550842285,
      4.266307830810547,
      3.8893239498138428,
      3.7988719940185547,
      4.100503921508789,
      3.8231201171875,
      3.847532033920288,
      3.994960069656372,
      3.9927399158477783,
      3.7930641174316406,
      4.010684013366699
    ]
  },
  "vit_cuda": {
    "backend": "vit_cuda",
    "device": "cuda",
    "total_images": 200,
    "top1": 0,
    "top5": 0,
    "top1_acc": 0.0,
    "top5_acc": 0.0,
    "mean_latency_ms_per_image": 18.98517204284668,
    "median_latency_ms_per_image": 17.84275245666504,
    "images_per_second": 421.3814856112551,
    "latencies_ms_samples": [
      45.904693603515625,
      18.15021514892578,
      17.682300567626953,
      17.841716766357422,
      17.837203979492188,
      17.729787826538086,
      17.675395965576172,
      17.852420806884766,
      17.83869171142578,
      17.921791076660156,
      17.88960075378418,
      17.734588623046875,
      17.842927932739258,
      17.921171188354492,
      17.93337631225586,
      17.731151580810547,
      17.814796447753906,
      17.92363166809082,
      17.84275245666504,
      18.050148010253906,
      17.825088500976562,
      18.138919830322266,
      17.92222785949707,
      17.799503326416016,
      17.825199127197266
    ]
  }
}